Phase,Match ID,Match date/time,Team A,Team B,Team A decimal odds,Team B decimal odds,Draw decimal odds,Team A goals,Team B goals,Team advanced
Group Matchday 1,WC26-001,2026-06-11 12:00 PM PT,mexico,south-africa,1.5,7.5,4.33,,,
Group Matchday 1,WC26-002,2026-06-11 07:00 PM PT,south-korea,czechia,2.75,2.75,3.2,,,
Group Matchday 1,WC26-003,2026-06-12 12:00 PM PT,canada,bosnia-herzegovina,1.83,4.4,3.8,,,
Group Matchday 1,WC26-004,2026-06-12 06:00 PM PT,united-states,paraguay,2.05,4.1,3.55,,,
Group Matchday 1,WC26-005,2026-06-13 12:00 PM PT,qatar,switzerland,11,1.3,5.75,,,
Group Matchday 1,WC26-006,2026-06-13 03:00 PM PT,brazil,morocco,1.62,5.9,4,,,
Group Matchday 1,WC26-007,2026-06-13 06:00 PM PT,haiti,scotland,7.5,1.44,4.9,,,
Group Matchday 1,WC26-008,2026-06-13 09:00 PM PT,australia,turkiye,4.8,1.82,3.75,,,
Group Matchday 1,WC26-009,2026-06-14 10:00 AM PT,germany,curacao,1.05,81,19,,,
Group Matchday 1,WC26-010,2026-06-14 01:00 PM PT,netherlands,japan,2,3.6,3.75,,,
Group Matchday 1,WC26-011,2026-06-14 04:00 PM PT,cote-divoire,ecuador,3.7,2.3,3,,,
Group Matchday 1,WC26-012,2026-06-14 07:00 PM PT,tunisia,sweden,4.2,1.95,3.45,,,
Group Matchday 1,WC26-013,2026-06-15 09:00 AM PT,spain,cape-verde,1.1,36,11,,,
Group Matchday 1,WC26-014,2026-06-15 12:00 PM PT,belgium,egypt,1.68,6,4,,,
Group Matchday 1,WC26-015,2026-06-15 03:00 PM PT,saudi-arabia,uruguay,7,1.51,4.4,,,
Group Matchday 1,WC26-016,2026-06-15 06:00 PM PT,iran,new-zealand,1.85,4.6,3.65,,,
Group Matchday 1,WC26-017,2026-06-16 12:00 PM PT,france,senegal,1.45,7.5,4.5,,,
Group Matchday 1,WC26-018,2026-06-16 03:00 PM PT,iraq,norway,15,1.28,6.25,,,
Group Matchday 1,WC26-019,2026-06-16 06:00 PM PT,argentina,algeria,1.43,9,4.75,,,
Group Matchday 1,WC26-020,2026-06-16 09:00 PM PT,austria,jordan,1.35,9,5.5,,,
Group Matchday 1,WC26-021,2026-06-17 10:00 AM PT,portugal,dr-congo,1.29,12,6,,,
Group Matchday 1,WC26-022,2026-06-17 01:00 PM PT,england,croatia,1.74,5,3.85,,,
Group Matchday 1,WC26-023,2026-06-17 04:00 PM PT,ghana,panama,2,4,3.9,,,
Group Matchday 1,WC26-024,2026-06-17 07:00 PM PT,uzbekistan,colombia,8,1.45,4.5,,,
Group Matchday 2,WC26-025,2026-06-18 09:00 AM PT,czechia,south-africa,2,4,,,,
Group Matchday 2,WC26-026,2026-06-18 12:00 PM PT,switzerland,bosnia-herzegovina,1.57,6.5,4.2,,,
Group Matchday 2,WC26-027,2026-06-18 03:00 PM PT,canada,qatar,1.53,7,4.3,,,
Group Matchday 2,WC26-028,2026-06-18 06:00 PM PT,mexico,south-korea,1.8,4.6,3.7,,,
Group Matchday 2,WC26-029,2026-06-19 12:00 PM PT,united-states,australia,1.76,5,,,,
Group Matchday 2,WC26-030,2026-06-19 12:00 PM PT,scotland,morocco,3.65,2.1,,,,
Group Matchday 2,WC26-031,2026-06-19 06:00 PM PT,brazil,haiti,1.08,66,,,,
Group Matchday 2,WC26-032,2026-06-19 09:00 PM PT,turkiye,paraguay,2.2,3.4,,,,
Group Matchday 2,WC26-033,2026-06-20 10:00 AM PT,netherlands,sweden,1.72,5.1,,,,
Group Matchday 2,WC26-034,2026-06-20 01:00 PM PT,germany,cote-divoire,1.57,5.7,,,,
Group Matchday 2,WC26-035,2026-06-20 05:00 PM PT,ecuador,curacao,1.26,13,,,,
Group Matchday 2,WC26-036,2026-06-20 09:00 PM PT,tunisia,japan,4.75,1.87,,,,
Group Matchday 2,WC26-037,2026-06-21 09:00 AM PT,spain,saudi-arabia,1.12,21,,,,
Group Matchday 2,WC26-038,2026-06-21 12:00 PM PT,belgium,iran,1.44,8,,,,
Group Matchday 2,WC26-039,2026-06-21 03:00 PM PT,uruguay,cape-verde,1.44,7.5,,,,
Group Matchday 2,WC26-040,2026-06-21 06:00 PM PT,new-zealand,egypt,5.3,1.71,,,,
Group Matchday 2,WC26-041,2026-06-22 10:00 AM PT,argentina,austria,1.69,5.5,,,,
Group Matchday 2,WC26-042,2026-06-22 02:00 PM PT,france,iraq,1.12,21,,,,
Group Matchday 2,WC26-043,2026-06-22 05:00 PM PT,norway,senegal,2.15,3.7,,,,
Group Matchday 2,WC26-044,2026-06-22 08:00 PM PT,jordan,algeria,4.9,1.71,,,,
Group Matchday 2,WC26-045,2026-06-23 10:00 AM PT,portugal,uzbekistan,1.22,17,,,,
Group Matchday 2,WC26-046,2026-06-23 01:00 PM PT,england,ghana,1.34,9,,,,
Group Matchday 2,WC26-047,2026-06-23 04:00 PM PT,panama,croatia,8,1.54,,,,
Group Matchday 2,WC26-048,2026-06-23 07:00 PM PT,colombia,dr-congo,1.55,7.5,,,,
Group Matchday 3,WC26-049,2026-06-24 12:00 PM PT,switzerland,canada,,,,,,
Group Matchday 3,WC26-050,2026-06-24 12:00 PM PT,bosnia-herzegovina,qatar,,,,,,
Group Matchday 3,WC26-051,2026-06-24 03:00 PM PT,brazil,scotland,1.31,8.5,,,,
Group Matchday 3,WC26-052,2026-06-24 03:00 PM PT,morocco,haiti,,,,,,
Group Matchday 3,WC26-053,2026-06-24 06:00 PM PT,mexico,czechia,,,,,,
Group Matchday 3,WC26-054,2026-06-24 06:00 PM PT,south-korea,south-africa,,,,,,
Group Matchday 3,WC26-055,2026-06-25 01:00 PM PT,ecuador,germany,,,,,,
Group Matchday 3,WC26-056,2026-06-25 01:00 PM PT,curacao,cote-divoire,,,,,,
Group Matchday 3,WC26-057,2026-06-25 04:00 PM PT,tunisia,netherlands,,,,,,
Group Matchday 3,WC26-058,2026-06-25 04:00 PM PT,japan,sweden,,,,,,
Group Matchday 3,WC26-059,2026-06-25 07:00 PM PT,united-states,turkiye,,,,,,
Group Matchday 3,WC26-060,2026-06-25 07:00 PM PT,paraguay,australia,,,,,,
Group Matchday 3,WC26-061,2026-06-26 12:00 PM PT,norway,france,,,,,,
Group Matchday 3,WC26-062,2026-06-26 12:00 PM PT,senegal,iraq,,,,,,
Group Matchday 3,WC26-063,2026-06-26 05:00 PM PT,uruguay,spain,,,,,,
Group Matchday 3,WC26-064,2026-06-26 05:00 PM PT,cape-verde,saudi-arabia,,,,,,
Group Matchday 3,WC26-065,2026-06-26 08:00 PM PT,new-zealand,belgium,,,,,,
Group Matchday 3,WC26-066,2026-06-26 08:00 PM PT,egypt,iran,,,,,,
Group Matchday 3,WC26-067,2026-06-27 02:00 PM PT,panama,england,,,,,,
Group Matchday 3,WC26-068,2026-06-27 02:00 PM PT,croatia,ghana,,,,,,
Group Matchday 3,WC26-069,2026-06-27 04:30 PM PT,colombia,portugal,,,,,,
Group Matchday 3,WC26-070,2026-06-27 04:30 PM PT,dr-congo,uzbekistan,,,,,,
Group Matchday 3,WC26-071,2026-06-27 07:00 PM PT,argentina,jordan,,,,,,
Group Matchday 3,WC26-072,2026-06-27 07:00 PM PT,algeria,austria,,,,,,
Round of 32,WC26-073,2026-06-28 12:00 PM PT,TBD,TBD,,,,,,
Round of 32,WC26-074,2026-06-29 10:00 AM PT,TBD,TBD,,,,,,
Round of 32,WC26-075,2026-06-29 01:30 PM PT,TBD,TBD,,,,,,
Round of 32,WC26-076,2026-06-29 06:00 PM PT,TBD,TBD,,,,,,
Round of 32,WC26-077,2026-06-30 10:00 AM PT,TBD,TBD,,,,,,
Round of 32,WC26-078,2026-06-30 02:00 PM PT,TBD,TBD,,,,,,
Round of 32,WC26-079,2026-06-30 06:00 PM PT,TBD,TBD,,,,,,
Round of 32,WC26-080,2026-07-01 09:00 AM PT,TBD,TBD,,,,,,
Round of 32,WC26-081,2026-07-01 01:00 PM PT,TBD,TBD,,,,,,
Round of 32,WC26-082,2026-07-01 05:00 PM PT,TBD,TBD,,,,,,
Round of 32,WC26-083,2026-07-02 12:00 PM PT,TBD,TBD,,,,,,
Round of 32,WC26-084,2026-07-02 04:00 PM PT,TBD,TBD,,,,,,
Round of 32,WC26-085,2026-07-02 08:00 PM PT,TBD,TBD,,,,,,
Round of 32,WC26-086,2026-07-03 11:00 AM PT,TBD,TBD,,,,,,
Round of 32,WC26-087,2026-07-03 03:00 PM PT,TBD,TBD,,,,,,
Round of 32,WC26-088,2026-07-03 06:30 PM PT,TBD,TBD,,,,,,
Round of 16,WC26-089,2026-07-04 10:00 AM PT,TBD,TBD,,,,,,
Round of 16,WC26-090,2026-07-04 02:00 PM PT,TBD,TBD,,,,,,
Round of 16,WC26-091,2026-07-05 01:00 PM PT,TBD,TBD,,,,,,
Round of 16,WC26-092,2026-07-05 05:00 PM PT,TBD,TBD,,,,,,
Round of 16,WC26-093,2026-07-06 12:00 PM PT,TBD,TBD,,,,,,
Round of 16,WC26-094,2026-07-06 05:00 PM PT,TBD,TBD,,,,,,
Round of 16,WC26-095,2026-07-07 09:00 AM PT,TBD,TBD,,,,,,
Round of 16,WC26-096,2026-07-07 01:00 PM PT,TBD,TBD,,,,,,
Quarterfinals,WC26-097,2026-07-09 01:00 PM PT,TBD,TBD,,,,,,
Quarterfinals,WC26-098,2026-07-10 12:00 PM PT,TBD,TBD,,,,,,
Quarterfinals,WC26-099,2026-07-11 02:00 PM PT,TBD,TBD,,,,,,
Quarterfinals,WC26-100,2026-07-11 06:00 PM PT,TBD,TBD,,,,,,
Semifinals,WC26-101,2026-07-14 12:00 PM PT,TBD,TBD,,,,,,
Semifinals,WC26-102,2026-07-15 12:00 PM PT,TBD,TBD,,,,,,
Third-place match,WC26-103,2026-07-18 02:00 PM PT,TBD,TBD,,,,,,
Final,WC26-104,2026-07-19 12:00 PM PT,TBD,TBD,,,,,,
